year,region,substance,study,mean,sd,citation
2008,Eastern China,CFC-11,"Park et al., 2021",6.16,1.25,"Park, S. et al. A decline in emissions of CFC-11 and related chemicals from eastern China. Nature 590, 433-437 (2021)."
2009,Eastern China,CFC-11,"Park et al., 2021",8.47,1.42,"Park, S. et al. A decline in emissions of CFC-11 and related chemicals from eastern China. Nature 590, 433-437 (2021)."
2010,Eastern China,CFC-11,"Park et al., 2021",8.78,1.32,"Park, S. et al. A decline in emissions of CFC-11 and related chemicals from eastern China. Nature 590, 433-437 (2021)."
2011,Eastern China,CFC-11,"Park et al., 2021",5.99,1.4,"Park, S. et al. A decline in emissions of CFC-11 and related chemicals from eastern China. Nature 590, 433-437 (2021)."
2012,Eastern China,CFC-11,"Park et al., 2021",6.79,1.53,"Park, S. et al. A decline in emissions of CFC-11 and related chemicals from eastern China. Nature 590, 433-437 (2021)."
2013,Eastern China,CFC-11,"Park et al., 2021",10.08,1.52,"Park, S. et al. A decline in emissions of CFC-11 and related chemicals from eastern China. Nature 590, 433-437 (2021)."
2014,Eastern China,CFC-11,"Park et al., 2021",15.03,1.96,"Park, S. et al. A decline in emissions of CFC-11 and related chemicals from eastern China. Nature 590, 433-437 (2021)."
2015,Eastern China,CFC-11,"Park et al., 2021",12.97,1.7,"Park, S. et al. A decline in emissions of CFC-11 and related chemicals from eastern China. Nature 590, 433-437 (2021)."
2016,Eastern China,CFC-11,"Park et al., 2021",15.67,2.11,"Park, S. et al. A decline in emissions of CFC-11 and related chemicals from eastern China. Nature 590, 433-437 (2021)."
2017,Eastern China,CFC-11,"Park et al., 2021",15.04,2.22,"Park, S. et al. A decline in emissions of CFC-11 and related chemicals from eastern China. Nature 590, 433-437 (2021)."
2018,Eastern China,CFC-11,"Park et al., 2021",10.5,1.6,"Park, S. et al. A decline in emissions of CFC-11 and related chemicals from eastern China. Nature 590, 433-437 (2021)."
2019,Eastern China,CFC-11,"Park et al., 2021",4.96,1.02,"Park, S. et al. A decline in emissions of CFC-11 and related chemicals from eastern China. Nature 590, 433-437 (2021)."
2011,China,CFC-12,"Ma et al., 2024",15.11444,2.32187,"Ma, M. et al. CFC-12 Emissions in China Inferred From Observation and Inverse Modeling. Geophys. Res. Lett. 51, e2024GL109541 (2024)."
2012,China,CFC-12,"Ma et al., 2024",10.78942,1.93435,"Ma, M. et al. CFC-12 Emissions in China Inferred From Observation and Inverse Modeling. Geophys. Res. Lett. 51, e2024GL109541 (2024)."
2013,China,CFC-12,"Ma et al., 2024",15.48856,3.09154,"Ma, M. et al. CFC-12 Emissions in China Inferred From Observation and Inverse Modeling. Geophys. Res. Lett. 51, e2024GL109541 (2024)."
2014,China,CFC-12,"Ma et al., 2024",11.50223,1.85568,"Ma, M. et al. CFC-12 Emissions in China Inferred From Observation and Inverse Modeling. Geophys. Res. Lett. 51, e2024GL109541 (2024)."
2015,China,CFC-12,"Ma et al., 2024",13.46533,2.3462,"Ma, M. et al. CFC-12 Emissions in China Inferred From Observation and Inverse Modeling. Geophys. Res. Lett. 51, e2024GL109541 (2024)."
2016,China,CFC-12,"Ma et al., 2024",13.61092,1.85048,"Ma, M. et al. CFC-12 Emissions in China Inferred From Observation and Inverse Modeling. Geophys. Res. Lett. 51, e2024GL109541 (2024)."
2017,China,CFC-12,"Ma et al., 2024",9.31254,1.47922,"Ma, M. et al. CFC-12 Emissions in China Inferred From Observation and Inverse Modeling. Geophys. Res. Lett. 51, e2024GL109541 (2024)."
2018,China,CFC-12,"Ma et al., 2024",8.93562,1.25999,"Ma, M. et al. CFC-12 Emissions in China Inferred From Observation and Inverse Modeling. Geophys. Res. Lett. 51, e2024GL109541 (2024)."
2019,China,CFC-12,"Ma et al., 2024",5.09714,1.05546,"Ma, M. et al. CFC-12 Emissions in China Inferred From Observation and Inverse Modeling. Geophys. Res. Lett. 51, e2024GL109541 (2024)."
2020,China,CFC-12,"Ma et al., 2024",7.07741,1.14779,"Ma, M. et al. CFC-12 Emissions in China Inferred From Observation and Inverse Modeling. Geophys. Res. Lett. 51, e2024GL109541 (2024)."
2024,China,CFC-12,"Ma et al., 2026",3.6,0.8,"Ma, M. et al. Sustained Decline in CFC-12 Emissions from China: Evidence for Successful Phase-out under the Montreal Protocol and Global Implications. Environ. Sci. Technol. 60, 1791-1799 (2026)."
2008,Eastern China,CFC-12,"Park et al., 2021",2.5,0.9,"Park, S. et al. A decline in emissions of CFC-11 and related chemicals from eastern China. Nature 590, 433-437 (2021)."
2009,Eastern China,CFC-12,"Park et al., 2021",4.23,1,"Park, S. et al. A decline in emissions of CFC-11 and related chemicals from eastern China. Nature 590, 433-437 (2021)."
2010,Eastern China,CFC-12,"Park et al., 2021",4.96,0.99,"Park, S. et al. A decline in emissions of CFC-11 and related chemicals from eastern China. Nature 590, 433-437 (2021)."
2011,Eastern China,CFC-12,"Park et al., 2021",2.89,1.07,"Park, S. et al. A decline in emissions of CFC-11 and related chemicals from eastern China. Nature 590, 433-437 (2021)."
2012,Eastern China,CFC-12,"Park et al., 2021",3.04,1.11,"Park, S. et al. A decline in emissions of CFC-11 and related chemicals from eastern China. Nature 590, 433-437 (2021)."
2013,Eastern China,CFC-12,"Park et al., 2021",4.97,1.14,"Park, S. et al. A decline in emissions of CFC-11 and related chemicals from eastern China. Nature 590, 433-437 (2021)."
2014,Eastern China,CFC-12,"Park et al., 2021",4.47,0.91,"Park, S. et al. A decline in emissions of CFC-11 and related chemicals from eastern China. Nature 590, 433-437 (2021)."
2015,Eastern China,CFC-12,"Park et al., 2021",3.52,0.84,"Park, S. et al. A decline in emissions of CFC-11 and related chemicals from eastern China. Nature 590, 433-437 (2021)."
2016,Eastern China,CFC-12,"Park et al., 2021",3.27,1.39,"Park, S. et al. A decline in emissions of CFC-11 and related chemicals from eastern China. Nature 590, 433-437 (2021)."
2017,Eastern China,CFC-12,"Park et al., 2021",1,0.86,"Park, S. et al. A decline in emissions of CFC-11 and related chemicals from eastern China. Nature 590, 433-437 (2021)."
2018,Eastern China,CFC-12,"Park et al., 2021",0.87,1.17,"Park, S. et al. A decline in emissions of CFC-11 and related chemicals from eastern China. Nature 590, 433-437 (2021)."
2019,Eastern China,CFC-12,"Park et al., 2021",0.46,0.5,"Park, S. et al. A decline in emissions of CFC-11 and related chemicals from eastern China. Nature 590, 433-437 (2021)."
2011,China,HCFC-22,"Fang et al., 2019",139,35,"Fang, X. et al. Changes in HCFC Emissions in China During 2011-2017. Geophys. Res. Lett. 46, 10034-10042 (2019)."
2012,China,HCFC-22,"Fang et al., 2019",154,51,"Fang, X. et al. Changes in HCFC Emissions in China During 2011-2017. Geophys. Res. Lett. 46, 10034-10042 (2019)."
2013,China,HCFC-22,"Fang et al., 2019",172,37,"Fang, X. et al. Changes in HCFC Emissions in China During 2011-2017. Geophys. Res. Lett. 46, 10034-10042 (2019)."
2014,China,HCFC-22,"Fang et al., 2019",159,34,"Fang, X. et al. Changes in HCFC Emissions in China During 2011-2017. Geophys. Res. Lett. 46, 10034-10042 (2019)."
2015,China,HCFC-22,"Fang et al., 2019",146,44,"Fang, X. et al. Changes in HCFC Emissions in China During 2011-2017. Geophys. Res. Lett. 46, 10034-10042 (2019)."
2016,China,HCFC-22,"Fang et al., 2019",147,36,"Fang, X. et al. Changes in HCFC Emissions in China During 2011-2017. Geophys. Res. Lett. 46, 10034-10042 (2019)."
2017,China,HCFC-22,"Fang et al., 2019",147,26,"Fang, X. et al. Changes in HCFC Emissions in China During 2011-2017. Geophys. Res. Lett. 46, 10034-10042 (2019)."
2018,China,HCFC-22,"Sun et al., 2024",172,40,"Sun, Y. et al. Emissions of HCFC-22 and HCFC-142b in China during 2018-2021 Inferred from Inverse Modeling. Environ. Sci. Technol. 58, 13273-13283 (2024)."
2019,China,HCFC-22,"Sun et al., 2024",154,39,"Sun, Y. et al. Emissions of HCFC-22 and HCFC-142b in China during 2018-2021 Inferred from Inverse Modeling. Environ. Sci. Technol. 58, 13273-13283 (2024)."
2020,China,HCFC-22,"Sun et al., 2024",160,22,"Sun, Y. et al. Emissions of HCFC-22 and HCFC-142b in China during 2018-2021 Inferred from Inverse Modeling. Environ. Sci. Technol. 58, 13273-13283 (2024)."
2021,China,HCFC-22,"Sun et al., 2024",155,33,"Sun, Y. et al. Emissions of HCFC-22 and HCFC-142b in China during 2018-2021 Inferred from Inverse Modeling. Environ. Sci. Technol. 58, 13273-13283 (2024)."
2022,China,HCFC-22,"Chen et al., 2025",150,13,"Chen, Y. et al. Emission estimates of ozone-depleting hydrochlorofluorocarbons for China inferred from new observations and inverse modeling. Atmos. Environ. 362, 121578 (2025)."
2022,Northern China,HCFC-22,"Chen et al., 2025",60,5.1,"Chen, Y. et al. Emission estimates of ozone-depleting hydrochlorofluorocarbons for China inferred from new observations and inverse modeling. Atmos. Environ. 362, 121578 (2025)."
2011,China,HCFC-141b,"Fang et al., 2019",24,5,"Fang, X. et al. Changes in HCFC Emissions in China During 2011-2017. Geophys. Res. Lett. 46, 10034-10042 (2019)."
2012,China,HCFC-141b,"Fang et al., 2019",22,6,"Fang, X. et al. Changes in HCFC Emissions in China During 2011-2017. Geophys. Res. Lett. 46, 10034-10042 (2019)."
2013,China,HCFC-141b,"Fang et al., 2019",18,6,"Fang, X. et al. Changes in HCFC Emissions in China During 2011-2017. Geophys. Res. Lett. 46, 10034-10042 (2019)."
2014,China,HCFC-141b,"Fang et al., 2019",16,7,"Fang, X. et al. Changes in HCFC Emissions in China During 2011-2017. Geophys. Res. Lett. 46, 10034-10042 (2019)."
2015,China,HCFC-141b,"Fang et al., 2019",15,6,"Fang, X. et al. Changes in HCFC Emissions in China During 2011-2017. Geophys. Res. Lett. 46, 10034-10042 (2019)."
2016,China,HCFC-141b,"Fang et al., 2019",15,3,"Fang, X. et al. Changes in HCFC Emissions in China During 2011-2017. Geophys. Res. Lett. 46, 10034-10042 (2019)."
2017,China,HCFC-141b,"Fang et al., 2019",15,2,"Fang, X. et al. Changes in HCFC Emissions in China During 2011-2017. Geophys. Res. Lett. 46, 10034-10042 (2019)."
2018,China,HCFC-141b,"Sun et al., 2023",19.7,3.5,"Sun, Y. et al. Inverse Modeling Revealed Reversed Trends in HCFC-141b Emissions for China during 2018-2020. Environ. Sci. Technol. 57, 19557-19564 (2023)."
2019,China,HCFC-141b,"Sun et al., 2023",18.8,3.8,"Sun, Y. et al. Inverse Modeling Revealed Reversed Trends in HCFC-141b Emissions for China during 2018-2020. Environ. Sci. Technol. 57, 19557-19564 (2023)."
2020,China,HCFC-141b,"Sun et al., 2023",19.8,4,"Sun, Y. et al. Inverse Modeling Revealed Reversed Trends in HCFC-141b Emissions for China during 2018-2020. Environ. Sci. Technol. 57, 19557-19564 (2023)."
2022,China,HCFC-141b,"Chen et al., 2025",31,2.5,"Chen, Y. et al. Emission estimates of ozone-depleting hydrochlorofluorocarbons for China inferred from new observations and inverse modeling. Atmos. Environ. 362, 121578 (2025)."
2022,Northern China,HCFC-141b,"Chen et al., 2025",12.5,1,"Chen, Y. et al. Emission estimates of ozone-depleting hydrochlorofluorocarbons for China inferred from new observations and inverse modeling. Atmos. Environ. 362, 121578 (2025)."
2011,China,HCFC-142b,"Fang et al., 2019",11,3,"Fang, X. et al. Changes in HCFC Emissions in China During 2011-2017. Geophys. Res. Lett. 46, 10034-10042 (2019)."
2012,China,HCFC-142b,"Fang et al., 2019",11,4,"Fang, X. et al. Changes in HCFC Emissions in China During 2011-2017. Geophys. Res. Lett. 46, 10034-10042 (2019)."
2013,China,HCFC-142b,"Fang et al., 2019",11,4,"Fang, X. et al. Changes in HCFC Emissions in China During 2011-2017. Geophys. Res. Lett. 46, 10034-10042 (2019)."
2014,China,HCFC-142b,"Fang et al., 2019",11,3,"Fang, X. et al. Changes in HCFC Emissions in China During 2011-2017. Geophys. Res. Lett. 46, 10034-10042 (2019)."
2015,China,HCFC-142b,"Fang et al., 2019",9,3,"Fang, X. et al. Changes in HCFC Emissions in China During 2011-2017. Geophys. Res. Lett. 46, 10034-10042 (2019)."
2016,China,HCFC-142b,"Fang et al., 2019",8,2,"Fang, X. et al. Changes in HCFC Emissions in China During 2011-2017. Geophys. Res. Lett. 46, 10034-10042 (2019)."
2017,China,HCFC-142b,"Fang et al., 2019",6,1,"Fang, X. et al. Changes in HCFC Emissions in China During 2011-2017. Geophys. Res. Lett. 46, 10034-10042 (2019)."
2018,China,HCFC-142b,"Sun et al., 2024",8.3,1.8,"Sun, Y. et al. Emissions of HCFC-22 and HCFC-142b in China during 2018-2021 Inferred from Inverse Modeling. Environ. Sci. Technol. 58, 13273-13283 (2024)."
2019,China,HCFC-142b,"Sun et al., 2024",7.8,1.6,"Sun, Y. et al. Emissions of HCFC-22 and HCFC-142b in China during 2018-2021 Inferred from Inverse Modeling. Environ. Sci. Technol. 58, 13273-13283 (2024)."
2020,China,HCFC-142b,"Sun et al., 2024",7.4,1.7,"Sun, Y. et al. Emissions of HCFC-22 and HCFC-142b in China during 2018-2021 Inferred from Inverse Modeling. Environ. Sci. Technol. 58, 13273-13283 (2024)."
2021,China,HCFC-142b,"Sun et al., 2024",7.9,1.7,"Sun, Y. et al. Emissions of HCFC-22 and HCFC-142b in China during 2018-2021 Inferred from Inverse Modeling. Environ. Sci. Technol. 58, 13273-13283 (2024)."
2022,China,HCFC-142b,"Chen et al., 2025",8.8,0.8,"Chen, Y. et al. Emission estimates of ozone-depleting hydrochlorofluorocarbons for China inferred from new observations and inverse modeling. Atmos. Environ. 362, 121578 (2025)."
2022,Northern China,HCFC-142b,"Chen et al., 2025",3.5,0.3,"Chen, Y. et al. Emission estimates of ozone-depleting hydrochlorofluorocarbons for China inferred from new observations and inverse modeling. Atmos. Environ. 362, 121578 (2025)."
2011,China,HFC-134a,"Yao et al., 2019",19.48,2.53,"Yao, B. et al. China's Hydrofluorocarbon Emissions for 2011-2017 Inferred from Atmospheric Measurements. Environ. Sci. Technol. Lett. 6, 479-486 (2019)."
2012,China,HFC-134a,"Yao et al., 2019",15.49,5.81,"Yao, B. et al. China's Hydrofluorocarbon Emissions for 2011-2017 Inferred from Atmospheric Measurements. Environ. Sci. Technol. Lett. 6, 479-486 (2019)."
2013,China,HFC-134a,"Yao et al., 2019",23.65,8.91,"Yao, B. et al. China's Hydrofluorocarbon Emissions for 2011-2017 Inferred from Atmospheric Measurements. Environ. Sci. Technol. Lett. 6, 479-486 (2019)."
2014,China,HFC-134a,"Yao et al., 2019",27.23,6.07,"Yao, B. et al. China's Hydrofluorocarbon Emissions for 2011-2017 Inferred from Atmospheric Measurements. Environ. Sci. Technol. Lett. 6, 479-486 (2019)."
2015,China,HFC-134a,"Yao et al., 2019",32.41,8.14,"Yao, B. et al. China's Hydrofluorocarbon Emissions for 2011-2017 Inferred from Atmospheric Measurements. Environ. Sci. Technol. Lett. 6, 479-486 (2019)."
2016,China,HFC-134a,"Yao et al., 2019",29.76,5.95,"Yao, B. et al. China's Hydrofluorocarbon Emissions for 2011-2017 Inferred from Atmospheric Measurements. Environ. Sci. Technol. Lett. 6, 479-486 (2019)."
2017,China,HFC-134a,"Yao et al., 2019",24.52,2.68,"Yao, B. et al. China's Hydrofluorocarbon Emissions for 2011-2017 Inferred from Atmospheric Measurements. Environ. Sci. Technol. Lett. 6, 479-486 (2019)."
2018,China,HFC-134a,"Ma et al., 2025",30.53,4.79,"Ma, M. et al. Emissions of HFC-134a in China and Reconciliation of Discrepancies between Observation-Based and Inventory-Based Emission Estimates. Environ. Sci. Technol. 59, 8506-8515 (2025)."
2019,China,HFC-134a,"Ma et al., 2025",28.41,4.83,"Ma, M. et al. Emissions of HFC-134a in China and Reconciliation of Discrepancies between Observation-Based and Inventory-Based Emission Estimates. Environ. Sci. Technol. 59, 8506-8515 (2025)."
2020,China,HFC-134a,"Ma et al., 2025",33.07,7.49,"Ma, M. et al. Emissions of HFC-134a in China and Reconciliation of Discrepancies between Observation-Based and Inventory-Based Emission Estimates. Environ. Sci. Technol. 59, 8506-8515 (2025)."
2022,China,HFC-134a,"Hu et al., 2025",42.63158,5.26316,"Hu, X. et al. Sustained Increases in Hydrofluorocarbon Emissions from China and Implications for Global Emissions. Environ. Sci. Technol. 59, 3024-3033 (2025)."
2022,Northern China,HFC-134a,"Hu et al., 2025",16.2,2,"Hu, X. et al. Sustained Increases in Hydrofluorocarbon Emissions from China and Implications for Global Emissions. Environ. Sci. Technol. 59, 3024-3033 (2025)."
2011,China,HFC-134a,"Fang et al., 2026",19,2,"Fang, X. et al. Estimation of hydrofluorocarbon emissions from China and other non-Annex I countries. Nat. Geosci. https://doi.org/10.1038/s41561-025-01908-9 (2026)."
2012,China,HFC-134a,"Fang et al., 2026",15,5,"Fang, X. et al. Estimation of hydrofluorocarbon emissions from China and other non-Annex I countries. Nat. Geosci. https://doi.org/10.1038/s41561-025-01908-9 (2026)."
2013,China,HFC-134a,"Fang et al., 2026",24,9,"Fang, X. et al. Estimation of hydrofluorocarbon emissions from China and other non-Annex I countries. Nat. Geosci. https://doi.org/10.1038/s41561-025-01908-9 (2026)."
2014,China,HFC-134a,"Fang et al., 2026",27,6,"Fang, X. et al. Estimation of hydrofluorocarbon emissions from China and other non-Annex I countries. Nat. Geosci. https://doi.org/10.1038/s41561-025-01908-9 (2026)."
2015,China,HFC-134a,"Fang et al., 2026",32,8,"Fang, X. et al. Estimation of hydrofluorocarbon emissions from China and other non-Annex I countries. Nat. Geosci. https://doi.org/10.1038/s41561-025-01908-9 (2026)."
2016,China,HFC-134a,"Fang et al., 2026",30,6,"Fang, X. et al. Estimation of hydrofluorocarbon emissions from China and other non-Annex I countries. Nat. Geosci. https://doi.org/10.1038/s41561-025-01908-9 (2026)."
2017,China,HFC-134a,"Fang et al., 2026",25,3,"Fang, X. et al. Estimation of hydrofluorocarbon emissions from China and other non-Annex I countries. Nat. Geosci. https://doi.org/10.1038/s41561-025-01908-9 (2026)."
2018,China,HFC-134a,"Fang et al., 2026",30.5,4.8,"Fang, X. et al. Estimation of hydrofluorocarbon emissions from China and other non-Annex I countries. Nat. Geosci. https://doi.org/10.1038/s41561-025-01908-9 (2026)."
2019,China,HFC-134a,"Fang et al., 2026",28.4,4.8,"Fang, X. et al. Estimation of hydrofluorocarbon emissions from China and other non-Annex I countries. Nat. Geosci. https://doi.org/10.1038/s41561-025-01908-9 (2026)."
2020,China,HFC-134a,"Fang et al., 2026",33.1,7.5,"Fang, X. et al. Estimation of hydrofluorocarbon emissions from China and other non-Annex I countries. Nat. Geosci. https://doi.org/10.1038/s41561-025-01908-9 (2026)."
2021,China,HFC-134a,"Fang et al., 2026",37.3,9.8,"Fang, X. et al. Estimation of hydrofluorocarbon emissions from China and other non-Annex I countries. Nat. Geosci. https://doi.org/10.1038/s41561-025-01908-9 (2026)."
2011,China,HFC-32,"Yao et al., 2019",4.429,0.605,"Yao, B. et al. China's Hydrofluorocarbon Emissions for 2011-2017 Inferred from Atmospheric Measurements. Environ. Sci. Technol. Lett. 6, 479-486 (2019)."
2012,China,HFC-32,"Yao et al., 2019",4.742,1.226,"Yao, B. et al. China's Hydrofluorocarbon Emissions for 2011-2017 Inferred from Atmospheric Measurements. Environ. Sci. Technol. Lett. 6, 479-486 (2019)."
2013,China,HFC-32,"Yao et al., 2019",8.039,1.948,"Yao, B. et al. China's Hydrofluorocarbon Emissions for 2011-2017 Inferred from Atmospheric Measurements. Environ. Sci. Technol. Lett. 6, 479-486 (2019)."
2014,China,HFC-32,"Yao et al., 2019",7.257,1.387,"Yao, B. et al. China's Hydrofluorocarbon Emissions for 2011-2017 Inferred from Atmospheric Measurements. Environ. Sci. Technol. Lett. 6, 479-486 (2019)."
2015,China,HFC-32,"Yao et al., 2019",7.292,1.238,"Yao, B. et al. China's Hydrofluorocarbon Emissions for 2011-2017 Inferred from Atmospheric Measurements. Environ. Sci. Technol. Lett. 6, 479-486 (2019)."
2016,China,HFC-32,"Yao et al., 2019",10.117,1.456,"Yao, B. et al. China's Hydrofluorocarbon Emissions for 2011-2017 Inferred from Atmospheric Measurements. Environ. Sci. Technol. Lett. 6, 479-486 (2019)."
2017,China,HFC-32,"Yao et al., 2019",11.265,0.775,"Yao, B. et al. China's Hydrofluorocarbon Emissions for 2011-2017 Inferred from Atmospheric Measurements. Environ. Sci. Technol. Lett. 6, 479-486 (2019)."
2011,China,HFC-32,"Fang et al., 2026",4.4,0.6,"Fang, X. et al. Estimation of hydrofluorocarbon emissions from China and other non-Annex I countries. Nat. Geosci. https://doi.org/10.1038/s41561-025-01908-9 (2026)."
2012,China,HFC-32,"Fang et al., 2026",4.7,1.2,"Fang, X. et al. Estimation of hydrofluorocarbon emissions from China and other non-Annex I countries. Nat. Geosci. https://doi.org/10.1038/s41561-025-01908-9 (2026)."
2013,China,HFC-32,"Fang et al., 2026",8,1.9,"Fang, X. et al. Estimation of hydrofluorocarbon emissions from China and other non-Annex I countries. Nat. Geosci. https://doi.org/10.1038/s41561-025-01908-9 (2026)."
2014,China,HFC-32,"Fang et al., 2026",7.3,1.4,"Fang, X. et al. Estimation of hydrofluorocarbon emissions from China and other non-Annex I countries. Nat. Geosci. https://doi.org/10.1038/s41561-025-01908-9 (2026)."
2015,China,HFC-32,"Fang et al., 2026",7.3,1.2,"Fang, X. et al. Estimation of hydrofluorocarbon emissions from China and other non-Annex I countries. Nat. Geosci. https://doi.org/10.1038/s41561-025-01908-9 (2026)."
2016,China,HFC-32,"Fang et al., 2026",10.1,1.4,"Fang, X. et al. Estimation of hydrofluorocarbon emissions from China and other non-Annex I countries. Nat. Geosci. https://doi.org/10.1038/s41561-025-01908-9 (2026)."
2017,China,HFC-32,"Fang et al., 2026",11.3,0.8,"Fang, X. et al. Estimation of hydrofluorocarbon emissions from China and other non-Annex I countries. Nat. Geosci. https://doi.org/10.1038/s41561-025-01908-9 (2026)."
2018,China,HFC-32,"Fang et al., 2026",20.8,1,"Fang, X. et al. Estimation of hydrofluorocarbon emissions from China and other non-Annex I countries. Nat. Geosci. https://doi.org/10.1038/s41561-025-01908-9 (2026)."
2019,China,HFC-32,"Fang et al., 2026",16.1,0.8,"Fang, X. et al. Estimation of hydrofluorocarbon emissions from China and other non-Annex I countries. Nat. Geosci. https://doi.org/10.1038/s41561-025-01908-9 (2026)."
2020,China,HFC-32,"Fang et al., 2026",19.1,1.2,"Fang, X. et al. Estimation of hydrofluorocarbon emissions from China and other non-Annex I countries. Nat. Geosci. https://doi.org/10.1038/s41561-025-01908-9 (2026)."
2021,China,HFC-32,"Fang et al., 2026",25.7,1.3,"Fang, X. et al. Estimation of hydrofluorocarbon emissions from China and other non-Annex I countries. Nat. Geosci. https://doi.org/10.1038/s41561-025-01908-9 (2026)."
2011,China,HFC-125,"Yao et al., 2019",4.676,1.188,"Yao, B. et al. China's Hydrofluorocarbon Emissions for 2011-2017 Inferred from Atmospheric Measurements. Environ. Sci. Technol. Lett. 6, 479-486 (2019)."
2012,China,HFC-125,"Yao et al., 2019",5.992,2.177,"Yao, B. et al. China's Hydrofluorocarbon Emissions for 2011-2017 Inferred from Atmospheric Measurements. Environ. Sci. Technol. Lett. 6, 479-486 (2019)."
2013,China,HFC-125,"Yao et al., 2019",9.848,2.791,"Yao, B. et al. China's Hydrofluorocarbon Emissions for 2011-2017 Inferred from Atmospheric Measurements. Environ. Sci. Technol. Lett. 6, 479-486 (2019)."
2014,China,HFC-125,"Yao et al., 2019",9.002,1.926,"Yao, B. et al. China's Hydrofluorocarbon Emissions for 2011-2017 Inferred from Atmospheric Measurements. Environ. Sci. Technol. Lett. 6, 479-486 (2019)."
2015,China,HFC-125,"Yao et al., 2019",11.308,3.353,"Yao, B. et al. China's Hydrofluorocarbon Emissions for 2011-2017 Inferred from Atmospheric Measurements. Environ. Sci. Technol. Lett. 6, 479-486 (2019)."
2016,China,HFC-125,"Yao et al., 2019",11.157,2.172,"Yao, B. et al. China's Hydrofluorocarbon Emissions for 2011-2017 Inferred from Atmospheric Measurements. Environ. Sci. Technol. Lett. 6, 479-486 (2019)."
2017,China,HFC-125,"Yao et al., 2019",10.781,1.118,"Yao, B. et al. China's Hydrofluorocarbon Emissions for 2011-2017 Inferred from Atmospheric Measurements. Environ. Sci. Technol. Lett. 6, 479-486 (2019)."
2022,China,HFC-125,"Hu et al., 2025",28.68421,3.42105,"Hu, X. et al. Sustained Increases in Hydrofluorocarbon Emissions from China and Implications for Global Emissions. Environ. Sci. Technol. 59, 3024-3033 (2025)."
2022,Northern China,HFC-125,"Hu et al., 2025",10.9,1.3,"Hu, X. et al. Sustained Increases in Hydrofluorocarbon Emissions from China and Implications for Global Emissions. Environ. Sci. Technol. 59, 3024-3033 (2025)."
2011,China,HFC-125,"Fang et al., 2026",4.7,1.2,"Fang, X. et al. Estimation of hydrofluorocarbon emissions from China and other non-Annex I countries. Nat. Geosci. https://doi.org/10.1038/s41561-025-01908-9 (2026)."
2012,China,HFC-125,"Fang et al., 2026",6,2.2,"Fang, X. et al. Estimation of hydrofluorocarbon emissions from China and other non-Annex I countries. Nat. Geosci. https://doi.org/10.1038/s41561-025-01908-9 (2026)."
2013,China,HFC-125,"Fang et al., 2026",9.8,2.7,"Fang, X. et al. Estimation of hydrofluorocarbon emissions from China and other non-Annex I countries. Nat. Geosci. https://doi.org/10.1038/s41561-025-01908-9 (2026)."
2014,China,HFC-125,"Fang et al., 2026",9,1.9,"Fang, X. et al. Estimation of hydrofluorocarbon emissions from China and other non-Annex I countries. Nat. Geosci. https://doi.org/10.1038/s41561-025-01908-9 (2026)."
2015,China,HFC-125,"Fang et al., 2026",11.3,3.3,"Fang, X. et al. Estimation of hydrofluorocarbon emissions from China and other non-Annex I countries. Nat. Geosci. https://doi.org/10.1038/s41561-025-01908-9 (2026)."
2016,China,HFC-125,"Fang et al., 2026",11.2,2.2,"Fang, X. et al. Estimation of hydrofluorocarbon emissions from China and other non-Annex I countries. Nat. Geosci. https://doi.org/10.1038/s41561-025-01908-9 (2026)."
2017,China,HFC-125,"Fang et al., 2026",10.8,1.1,"Fang, X. et al. Estimation of hydrofluorocarbon emissions from China and other non-Annex I countries. Nat. Geosci. https://doi.org/10.1038/s41561-025-01908-9 (2026)."
2018,China,HFC-125,"Fang et al., 2026",14.8,1.3,"Fang, X. et al. Estimation of hydrofluorocarbon emissions from China and other non-Annex I countries. Nat. Geosci. https://doi.org/10.1038/s41561-025-01908-9 (2026)."
2019,China,HFC-125,"Fang et al., 2026",14.3,1.2,"Fang, X. et al. Estimation of hydrofluorocarbon emissions from China and other non-Annex I countries. Nat. Geosci. https://doi.org/10.1038/s41561-025-01908-9 (2026)."
2020,China,HFC-125,"Fang et al., 2026",10.6,1.2,"Fang, X. et al. Estimation of hydrofluorocarbon emissions from China and other non-Annex I countries. Nat. Geosci. https://doi.org/10.1038/s41561-025-01908-9 (2026)."
2021,China,HFC-125,"Fang et al., 2026",20.9,1.8,"Fang, X. et al. Estimation of hydrofluorocarbon emissions from China and other non-Annex I countries. Nat. Geosci. https://doi.org/10.1038/s41561-025-01908-9 (2026)."
2011,China,HFC-143a,"Yao et al., 2019",2.086,0.743,"Yao, B. et al. China's Hydrofluorocarbon Emissions for 2011-2017 Inferred from Atmospheric Measurements. Environ. Sci. Technol. Lett. 6, 479-486 (2019)."
2012,China,HFC-143a,"Yao et al., 2019",2.246,1.028,"Yao, B. et al. China's Hydrofluorocarbon Emissions for 2011-2017 Inferred from Atmospheric Measurements. Environ. Sci. Technol. Lett. 6, 479-486 (2019)."
2013,China,HFC-143a,"Yao et al., 2019",2.695,0.9,"Yao, B. et al. China's Hydrofluorocarbon Emissions for 2011-2017 Inferred from Atmospheric Measurements. Environ. Sci. Technol. Lett. 6, 479-486 (2019)."
2014,China,HFC-143a,"Yao et al., 2019",2.527,0.813,"Yao, B. et al. China's Hydrofluorocarbon Emissions for 2011-2017 Inferred from Atmospheric Measurements. Environ. Sci. Technol. Lett. 6, 479-486 (2019)."
2015,China,HFC-143a,"Yao et al., 2019",3.885,1.424,"Yao, B. et al. China's Hydrofluorocarbon Emissions for 2011-2017 Inferred from Atmospheric Measurements. Environ. Sci. Technol. Lett. 6, 479-486 (2019)."
2016,China,HFC-143a,"Yao et al., 2019",3.182,0.906,"Yao, B. et al. China's Hydrofluorocarbon Emissions for 2011-2017 Inferred from Atmospheric Measurements. Environ. Sci. Technol. Lett. 6, 479-486 (2019)."
2017,China,HFC-143a,"Yao et al., 2019",3.099,0.472,"Yao, B. et al. China's Hydrofluorocarbon Emissions for 2011-2017 Inferred from Atmospheric Measurements. Environ. Sci. Technol. Lett. 6, 479-486 (2019)."
2022,China,HFC-143a,"Hu et al., 2025",5.78947,0.78947,"Hu, X. et al. Sustained Increases in Hydrofluorocarbon Emissions from China and Implications for Global Emissions. Environ. Sci. Technol. 59, 3024-3033 (2025)."
2022,Northern China,HFC-143a,"Hu et al., 2025",2.2,0.3,"Hu, X. et al. Sustained Increases in Hydrofluorocarbon Emissions from China and Implications for Global Emissions. Environ. Sci. Technol. 59, 3024-3033 (2025)."
2011,China,HFC-143a,"Fang et al., 2026",2.1,0.8,"Fang, X. et al. Estimation of hydrofluorocarbon emissions from China and other non-Annex I countries. Nat. Geosci. https://doi.org/10.1038/s41561-025-01908-9 (2026)."
2012,China,HFC-143a,"Fang et al., 2026",2.2,1,"Fang, X. et al. Estimation of hydrofluorocarbon emissions from China and other non-Annex I countries. Nat. Geosci. https://doi.org/10.1038/s41561-025-01908-9 (2026)."
2013,China,HFC-143a,"Fang et al., 2026",2.7,0.9,"Fang, X. et al. Estimation of hydrofluorocarbon emissions from China and other non-Annex I countries. Nat. Geosci. https://doi.org/10.1038/s41561-025-01908-9 (2026)."
2014,China,HFC-143a,"Fang et al., 2026",2.5,0.8,"Fang, X. et al. Estimation of hydrofluorocarbon emissions from China and other non-Annex I countries. Nat. Geosci. https://doi.org/10.1038/s41561-025-01908-9 (2026)."
2015,China,HFC-143a,"Fang et al., 2026",3.9,1.4,"Fang, X. et al. Estimation of hydrofluorocarbon emissions from China and other non-Annex I countries. Nat. Geosci. https://doi.org/10.1038/s41561-025-01908-9 (2026)."
2016,China,HFC-143a,"Fang et al., 2026",3.2,0.9,"Fang, X. et al. Estimation of hydrofluorocarbon emissions from China and other non-Annex I countries. Nat. Geosci. https://doi.org/10.1038/s41561-025-01908-9 (2026)."
2017,China,HFC-143a,"Fang et al., 2026",3.1,0.5,"Fang, X. et al. Estimation of hydrofluorocarbon emissions from China and other non-Annex I countries. Nat. Geosci. https://doi.org/10.1038/s41561-025-01908-9 (2026)."
2018,China,HFC-143a,"Fang et al., 2026",3.6,0.5,"Fang, X. et al. Estimation of hydrofluorocarbon emissions from China and other non-Annex I countries. Nat. Geosci. https://doi.org/10.1038/s41561-025-01908-9 (2026)."
2019,China,HFC-143a,"Fang et al., 2026",3.3,0.5,"Fang, X. et al. Estimation of hydrofluorocarbon emissions from China and other non-Annex I countries. Nat. Geosci. https://doi.org/10.1038/s41561-025-01908-9 (2026)."
2020,China,HFC-143a,"Fang et al., 2026",3.3,0.5,"Fang, X. et al. Estimation of hydrofluorocarbon emissions from China and other non-Annex I countries. Nat. Geosci. https://doi.org/10.1038/s41561-025-01908-9 (2026)."
2021,China,HFC-143a,"Fang et al., 2026",6.2,0.7,"Fang, X. et al. Estimation of hydrofluorocarbon emissions from China and other non-Annex I countries. Nat. Geosci. https://doi.org/10.1038/s41561-025-01908-9 (2026)."
2011,China,HFC-152a,"Yao et al., 2019",4.8,0.7,"Yao, B. et al. China's Hydrofluorocarbon Emissions for 2011-2017 Inferred from Atmospheric Measurements. Environ. Sci. Technol. Lett. 6, 479-486 (2019)."
2012,China,HFC-152a,"Yao et al., 2019",4.1,0.9,"Yao, B. et al. China's Hydrofluorocarbon Emissions for 2011-2017 Inferred from Atmospheric Measurements. Environ. Sci. Technol. Lett. 6, 479-486 (2019)."
2013,China,HFC-152a,"Yao et al., 2019",5,1.5,"Yao, B. et al. China's Hydrofluorocarbon Emissions for 2011-2017 Inferred from Atmospheric Measurements. Environ. Sci. Technol. Lett. 6, 479-486 (2019)."
2014,China,HFC-152a,"Yao et al., 2019",4.1,1.3,"Yao, B. et al. China's Hydrofluorocarbon Emissions for 2011-2017 Inferred from Atmospheric Measurements. Environ. Sci. Technol. Lett. 6, 479-486 (2019)."
2015,China,HFC-152a,"Yao et al., 2019",5.9,2.2,"Yao, B. et al. China's Hydrofluorocarbon Emissions for 2011-2017 Inferred from Atmospheric Measurements. Environ. Sci. Technol. Lett. 6, 479-486 (2019)."
2016,China,HFC-152a,"Yao et al., 2019",5,1.1,"Yao, B. et al. China's Hydrofluorocarbon Emissions for 2011-2017 Inferred from Atmospheric Measurements. Environ. Sci. Technol. Lett. 6, 479-486 (2019)."
2017,China,HFC-152a,"Yao et al., 2019",4.3,0.5,"Yao, B. et al. China's Hydrofluorocarbon Emissions for 2011-2017 Inferred from Atmospheric Measurements. Environ. Sci. Technol. Lett. 6, 479-486 (2019)."
2018,China,HFC-152a,"Du et al., 2024",9.439647834,1.738065427,"Du, Q., Li, B., Ma, M., Yao, B. & Fang, X. Estimate Gaps of Montreal Protocol-Regulated Potent Greenhouse Gas HFC-152a Emissions in China Have Been Explained. Environ. Sci. Technol. 58, 5750-5759 (2024)."
2019,China,HFC-152a,"Du et al., 2024",10.55176398,1.825148079,"Du, Q., Li, B., Ma, M., Yao, B. & Fang, X. Estimate Gaps of Montreal Protocol-Regulated Potent Greenhouse Gas HFC-152a Emissions in China Have Been Explained. Environ. Sci. Technol. 58, 5750-5759 (2024)."
2020,China,HFC-152a,"Du et al., 2024",9.688125669,1.539582682,"Du, Q., Li, B., Ma, M., Yao, B. & Fang, X. Estimate Gaps of Montreal Protocol-Regulated Potent Greenhouse Gas HFC-152a Emissions in China Have Been Explained. Environ. Sci. Technol. 58, 5750-5759 (2024)."
2011,China,HFC-152a,"Fang et al., 2026",4.8,0.7,"Fang, X. et al. Estimation of hydrofluorocarbon emissions from China and other non-Annex I countries. Nat. Geosci. https://doi.org/10.1038/s41561-025-01908-9 (2026)."
2012,China,HFC-152a,"Fang et al., 2026",4.1,0.9,"Fang, X. et al. Estimation of hydrofluorocarbon emissions from China and other non-Annex I countries. Nat. Geosci. https://doi.org/10.1038/s41561-025-01908-9 (2026)."
2013,China,HFC-152a,"Fang et al., 2026",5,1.5,"Fang, X. et al. Estimation of hydrofluorocarbon emissions from China and other non-Annex I countries. Nat. Geosci. https://doi.org/10.1038/s41561-025-01908-9 (2026)."
2014,China,HFC-152a,"Fang et al., 2026",4.1,1.3,"Fang, X. et al. Estimation of hydrofluorocarbon emissions from China and other non-Annex I countries. Nat. Geosci. https://doi.org/10.1038/s41561-025-01908-9 (2026)."
2015,China,HFC-152a,"Fang et al., 2026",5.9,2.2,"Fang, X. et al. Estimation of hydrofluorocarbon emissions from China and other non-Annex I countries. Nat. Geosci. https://doi.org/10.1038/s41561-025-01908-9 (2026)."
2016,China,HFC-152a,"Fang et al., 2026",5,1.1,"Fang, X. et al. Estimation of hydrofluorocarbon emissions from China and other non-Annex I countries. Nat. Geosci. https://doi.org/10.1038/s41561-025-01908-9 (2026)."
2017,China,HFC-152a,"Fang et al., 2026",4.3,0.5,"Fang, X. et al. Estimation of hydrofluorocarbon emissions from China and other non-Annex I countries. Nat. Geosci. https://doi.org/10.1038/s41561-025-01908-9 (2026)."
2018,China,HFC-152a,"Fang et al., 2026",9.4,1.7,"Fang, X. et al. Estimation of hydrofluorocarbon emissions from China and other non-Annex I countries. Nat. Geosci. https://doi.org/10.1038/s41561-025-01908-9 (2026)."
2019,China,HFC-152a,"Fang et al., 2026",10.6,1.8,"Fang, X. et al. Estimation of hydrofluorocarbon emissions from China and other non-Annex I countries. Nat. Geosci. https://doi.org/10.1038/s41561-025-01908-9 (2026)."
2020,China,HFC-152a,"Fang et al., 2026",9.7,1.5,"Fang, X. et al. Estimation of hydrofluorocarbon emissions from China and other non-Annex I countries. Nat. Geosci. https://doi.org/10.1038/s41561-025-01908-9 (2026)."
2021,China,HFC-152a,"Fang et al., 2026",9.2,1.2,"Fang, X. et al. Estimation of hydrofluorocarbon emissions from China and other non-Annex I countries. Nat. Geosci. https://doi.org/10.1038/s41561-025-01908-9 (2026)."
2011,China,HCFC-124,"Fang et al., 2019",0.7,0.3,"Fang, X. et al. Changes in HCFC Emissions in China During 2011-2017. Geophys. Res. Lett. 46, 10034-10042 (2019)."
2012,China,HCFC-124,"Fang et al., 2019",0.7,0.2,"Fang, X. et al. Changes in HCFC Emissions in China During 2011-2017. Geophys. Res. Lett. 46, 10034-10042 (2019)."
2013,China,HCFC-124,"Fang et al., 2019",0.8,0.3,"Fang, X. et al. Changes in HCFC Emissions in China During 2011-2017. Geophys. Res. Lett. 46, 10034-10042 (2019)."
2014,China,HCFC-124,"Fang et al., 2019",0.7,0.3,"Fang, X. et al. Changes in HCFC Emissions in China During 2011-2017. Geophys. Res. Lett. 46, 10034-10042 (2019)."
2015,China,HCFC-124,"Fang et al., 2019",0.9,0.3,"Fang, X. et al. Changes in HCFC Emissions in China During 2011-2017. Geophys. Res. Lett. 46, 10034-10042 (2019)."
2016,China,HCFC-124,"Fang et al., 2019",0.8,0.2,"Fang, X. et al. Changes in HCFC Emissions in China During 2011-2017. Geophys. Res. Lett. 46, 10034-10042 (2019)."
2017,China,HCFC-124,"Fang et al., 2019",0.8,0.1,"Fang, X. et al. Changes in HCFC Emissions in China During 2011-2017. Geophys. Res. Lett. 46, 10034-10042 (2019)."
2007,China,HFC-23,"Fang et al., 2015",6.4,0.7,"Fang, X. et al. Multiannual Top-Down Estimate of HFC-23 Emissions in East Asia. Environ. Sci. Technol. 49, 4345-4353 (2015)."
2008,China,HFC-23,"Fang et al., 2015",6.2,0.6,"Fang, X. et al. Multiannual Top-Down Estimate of HFC-23 Emissions in East Asia. Environ. Sci. Technol. 49, 4345-4353 (2015)."
2009,China,HFC-23,"Fang et al., 2015",6.4,0.6,"Fang, X. et al. Multiannual Top-Down Estimate of HFC-23 Emissions in East Asia. Environ. Sci. Technol. 49, 4345-4353 (2015)."
2010,China,HFC-23,"Fang et al., 2015",6.1,0.7,"Fang, X. et al. Multiannual Top-Down Estimate of HFC-23 Emissions in East Asia. Environ. Sci. Technol. 49, 4345-4353 (2015)."
2011,China,HFC-23,"Fang et al., 2015",7.1,0.7,"Fang, X. et al. Multiannual Top-Down Estimate of HFC-23 Emissions in East Asia. Environ. Sci. Technol. 49, 4345-4353 (2015)."
2012,China,HFC-23,"Fang et al., 2015",8.8,0.8,"Fang, X. et al. Multiannual Top-Down Estimate of HFC-23 Emissions in East Asia. Environ. Sci. Technol. 49, 4345-4353 (2015)."
2011,China,HFC-227ea,"Yao et al., 2019",0.4,0.1,"Yao, B. et al. China's Hydrofluorocarbon Emissions for 2011-2017 Inferred from Atmospheric Measurements. Environ. Sci. Technol. Lett. 6, 479-486 (2019)."
2012,China,HFC-227ea,"Yao et al., 2019",0.5,0.15,"Yao, B. et al. China's Hydrofluorocarbon Emissions for 2011-2017 Inferred from Atmospheric Measurements. Environ. Sci. Technol. Lett. 6, 479-486 (2019)."
2013,China,HFC-227ea,"Yao et al., 2019",0.7,0.25,"Yao, B. et al. China's Hydrofluorocarbon Emissions for 2011-2017 Inferred from Atmospheric Measurements. Environ. Sci. Technol. Lett. 6, 479-486 (2019)."
2014,China,HFC-227ea,"Yao et al., 2019",1,0.25,"Yao, B. et al. China's Hydrofluorocarbon Emissions for 2011-2017 Inferred from Atmospheric Measurements. Environ. Sci. Technol. Lett. 6, 479-486 (2019)."
2015,China,HFC-227ea,"Yao et al., 2019",1.2,0.3,"Yao, B. et al. China's Hydrofluorocarbon Emissions for 2011-2017 Inferred from Atmospheric Measurements. Environ. Sci. Technol. Lett. 6, 479-486 (2019)."
2016,China,HFC-227ea,"Yao et al., 2019",1.1,0.2,"Yao, B. et al. China's Hydrofluorocarbon Emissions for 2011-2017 Inferred from Atmospheric Measurements. Environ. Sci. Technol. Lett. 6, 479-486 (2019)."
2017,China,HFC-227ea,"Yao et al., 2019",1.4,0.1,"Yao, B. et al. China's Hydrofluorocarbon Emissions for 2011-2017 Inferred from Atmospheric Measurements. Environ. Sci. Technol. Lett. 6, 479-486 (2019)."
2011,China,HFC-227ea,"Fang et al., 2026",0.4,0.1,"Fang, X. et al. Estimation of hydrofluorocarbon emissions from China and other non-Annex I countries. Nat. Geosci. https://doi.org/10.1038/s41561-025-01908-9 (2026)."
2012,China,HFC-227ea,"Fang et al., 2026",0.5,0.1,"Fang, X. et al. Estimation of hydrofluorocarbon emissions from China and other non-Annex I countries. Nat. Geosci. https://doi.org/10.1038/s41561-025-01908-9 (2026)."
2013,China,HFC-227ea,"Fang et al., 2026",0.7,0.3,"Fang, X. et al. Estimation of hydrofluorocarbon emissions from China and other non-Annex I countries. Nat. Geosci. https://doi.org/10.1038/s41561-025-01908-9 (2026)."
2014,China,HFC-227ea,"Fang et al., 2026",1,0.3,"Fang, X. et al. Estimation of hydrofluorocarbon emissions from China and other non-Annex I countries. Nat. Geosci. https://doi.org/10.1038/s41561-025-01908-9 (2026)."
2015,China,HFC-227ea,"Fang et al., 2026",1.2,0.3,"Fang, X. et al. Estimation of hydrofluorocarbon emissions from China and other non-Annex I countries. Nat. Geosci. https://doi.org/10.1038/s41561-025-01908-9 (2026)."
2016,China,HFC-227ea,"Fang et al., 2026",1.1,0.2,"Fang, X. et al. Estimation of hydrofluorocarbon emissions from China and other non-Annex I countries. Nat. Geosci. https://doi.org/10.1038/s41561-025-01908-9 (2026)."
2017,China,HFC-227ea,"Fang et al., 2026",1.4,0.1,"Fang, X. et al. Estimation of hydrofluorocarbon emissions from China and other non-Annex I countries. Nat. Geosci. https://doi.org/10.1038/s41561-025-01908-9 (2026)."
2018,China,HFC-227ea,"Fang et al., 2026",2.1,0.2,"Fang, X. et al. Estimation of hydrofluorocarbon emissions from China and other non-Annex I countries. Nat. Geosci. https://doi.org/10.1038/s41561-025-01908-9 (2026)."
2019,China,HFC-227ea,"Fang et al., 2026",1.7,0.2,"Fang, X. et al. Estimation of hydrofluorocarbon emissions from China and other non-Annex I countries. Nat. Geosci. https://doi.org/10.1038/s41561-025-01908-9 (2026)."
2020,China,HFC-227ea,"Fang et al., 2026",1.6,0.1,"Fang, X. et al. Estimation of hydrofluorocarbon emissions from China and other non-Annex I countries. Nat. Geosci. https://doi.org/10.1038/s41561-025-01908-9 (2026)."
2021,China,HFC-227ea,"Fang et al., 2026",1.5,0.2,"Fang, X. et al. Estimation of hydrofluorocarbon emissions from China and other non-Annex I countries. Nat. Geosci. https://doi.org/10.1038/s41561-025-01908-9 (2026)."
2011,China,HFC-236fa,"Yao et al., 2019",0.09,0.03,"Yao, B. et al. China's Hydrofluorocarbon Emissions for 2011-2017 Inferred from Atmospheric Measurements. Environ. Sci. Technol. Lett. 6, 479-486 (2019)."
2012,China,HFC-236fa,"Yao et al., 2019",0.12,0.045,"Yao, B. et al. China's Hydrofluorocarbon Emissions for 2011-2017 Inferred from Atmospheric Measurements. Environ. Sci. Technol. Lett. 6, 479-486 (2019)."
2013,China,HFC-236fa,"Yao et al., 2019",0.12,0.045,"Yao, B. et al. China's Hydrofluorocarbon Emissions for 2011-2017 Inferred from Atmospheric Measurements. Environ. Sci. Technol. Lett. 6, 479-486 (2019)."
2014,China,HFC-236fa,"Yao et al., 2019",0.08,0.035,"Yao, B. et al. China's Hydrofluorocarbon Emissions for 2011-2017 Inferred from Atmospheric Measurements. Environ. Sci. Technol. Lett. 6, 479-486 (2019)."
2015,China,HFC-236fa,"Yao et al., 2019",0.13,0.05,"Yao, B. et al. China's Hydrofluorocarbon Emissions for 2011-2017 Inferred from Atmospheric Measurements. Environ. Sci. Technol. Lett. 6, 479-486 (2019)."
2016,China,HFC-236fa,"Yao et al., 2019",0.1,0.03,"Yao, B. et al. China's Hydrofluorocarbon Emissions for 2011-2017 Inferred from Atmospheric Measurements. Environ. Sci. Technol. Lett. 6, 479-486 (2019)."
2017,China,HFC-236fa,"Yao et al., 2019",0.13,0.01,"Yao, B. et al. China's Hydrofluorocarbon Emissions for 2011-2017 Inferred from Atmospheric Measurements. Environ. Sci. Technol. Lett. 6, 479-486 (2019)."
2011,China,HFC-236fa,"Fang et al., 2026",0.1,0,"Fang, X. et al. Estimation of hydrofluorocarbon emissions from China and other non-Annex I countries. Nat. Geosci. https://doi.org/10.1038/s41561-025-01908-9 (2026)."
2012,China,HFC-236fa,"Fang et al., 2026",0.1,0,"Fang, X. et al. Estimation of hydrofluorocarbon emissions from China and other non-Annex I countries. Nat. Geosci. https://doi.org/10.1038/s41561-025-01908-9 (2026)."
2013,China,HFC-236fa,"Fang et al., 2026",0.1,0,"Fang, X. et al. Estimation of hydrofluorocarbon emissions from China and other non-Annex I countries. Nat. Geosci. https://doi.org/10.1038/s41561-025-01908-9 (2026)."
2014,China,HFC-236fa,"Fang et al., 2026",0.1,0,"Fang, X. et al. Estimation of hydrofluorocarbon emissions from China and other non-Annex I countries. Nat. Geosci. https://doi.org/10.1038/s41561-025-01908-9 (2026)."
2015,China,HFC-236fa,"Fang et al., 2026",0.1,0.1,"Fang, X. et al. Estimation of hydrofluorocarbon emissions from China and other non-Annex I countries. Nat. Geosci. https://doi.org/10.1038/s41561-025-01908-9 (2026)."
2016,China,HFC-236fa,"Fang et al., 2026",0.1,0,"Fang, X. et al. Estimation of hydrofluorocarbon emissions from China and other non-Annex I countries. Nat. Geosci. https://doi.org/10.1038/s41561-025-01908-9 (2026)."
2017,China,HFC-236fa,"Fang et al., 2026",0.1,0,"Fang, X. et al. Estimation of hydrofluorocarbon emissions from China and other non-Annex I countries. Nat. Geosci. https://doi.org/10.1038/s41561-025-01908-9 (2026)."
2018,China,HFC-236fa,"Fang et al., 2026",0.1,0,"Fang, X. et al. Estimation of hydrofluorocarbon emissions from China and other non-Annex I countries. Nat. Geosci. https://doi.org/10.1038/s41561-025-01908-9 (2026)."
2019,China,HFC-236fa,"Fang et al., 2026",0.1,0,"Fang, X. et al. Estimation of hydrofluorocarbon emissions from China and other non-Annex I countries. Nat. Geosci. https://doi.org/10.1038/s41561-025-01908-9 (2026)."
2020,China,HFC-236fa,"Fang et al., 2026",0.1,0,"Fang, X. et al. Estimation of hydrofluorocarbon emissions from China and other non-Annex I countries. Nat. Geosci. https://doi.org/10.1038/s41561-025-01908-9 (2026)."
2021,China,HFC-236fa,"Fang et al., 2026",0.2,0,"Fang, X. et al. Estimation of hydrofluorocarbon emissions from China and other non-Annex I countries. Nat. Geosci. https://doi.org/10.1038/s41561-025-01908-9 (2026)."
2011,China,HFC-245fa,"Yao et al., 2019",0.7,0.2,"Yao, B. et al. China's Hydrofluorocarbon Emissions for 2011-2017 Inferred from Atmospheric Measurements. Environ. Sci. Technol. Lett. 6, 479-486 (2019)."
2012,China,HFC-245fa,"Yao et al., 2019",0.7,0.35,"Yao, B. et al. China's Hydrofluorocarbon Emissions for 2011-2017 Inferred from Atmospheric Measurements. Environ. Sci. Technol. Lett. 6, 479-486 (2019)."
2013,China,HFC-245fa,"Yao et al., 2019",0.7,0.3,"Yao, B. et al. China's Hydrofluorocarbon Emissions for 2011-2017 Inferred from Atmospheric Measurements. Environ. Sci. Technol. Lett. 6, 479-486 (2019)."
2014,China,HFC-245fa,"Yao et al., 2019",0.8,0.3,"Yao, B. et al. China's Hydrofluorocarbon Emissions for 2011-2017 Inferred from Atmospheric Measurements. Environ. Sci. Technol. Lett. 6, 479-486 (2019)."
2015,China,HFC-245fa,"Yao et al., 2019",1.6,0.45,"Yao, B. et al. China's Hydrofluorocarbon Emissions for 2011-2017 Inferred from Atmospheric Measurements. Environ. Sci. Technol. Lett. 6, 479-486 (2019)."
2016,China,HFC-245fa,"Yao et al., 2019",1.2,0.3,"Yao, B. et al. China's Hydrofluorocarbon Emissions for 2011-2017 Inferred from Atmospheric Measurements. Environ. Sci. Technol. Lett. 6, 479-486 (2019)."
2017,China,HFC-245fa,"Yao et al., 2019",1.3,0.15,"Yao, B. et al. China's Hydrofluorocarbon Emissions for 2011-2017 Inferred from Atmospheric Measurements. Environ. Sci. Technol. Lett. 6, 479-486 (2019)."
2011,China,HFC-245fa,"Fang et al., 2026",0.7,0.2,"Fang, X. et al. Estimation of hydrofluorocarbon emissions from China and other non-Annex I countries. Nat. Geosci. https://doi.org/10.1038/s41561-025-01908-9 (2026)."
2012,China,HFC-245fa,"Fang et al., 2026",0.7,0.3,"Fang, X. et al. Estimation of hydrofluorocarbon emissions from China and other non-Annex I countries. Nat. Geosci. https://doi.org/10.1038/s41561-025-01908-9 (2026)."
2013,China,HFC-245fa,"Fang et al., 2026",0.7,0.3,"Fang, X. et al. Estimation of hydrofluorocarbon emissions from China and other non-Annex I countries. Nat. Geosci. https://doi.org/10.1038/s41561-025-01908-9 (2026)."
2014,China,HFC-245fa,"Fang et al., 2026",0.8,0.3,"Fang, X. et al. Estimation of hydrofluorocarbon emissions from China and other non-Annex I countries. Nat. Geosci. https://doi.org/10.1038/s41561-025-01908-9 (2026)."
2015,China,HFC-245fa,"Fang et al., 2026",1.6,0.5,"Fang, X. et al. Estimation of hydrofluorocarbon emissions from China and other non-Annex I countries. Nat. Geosci. https://doi.org/10.1038/s41561-025-01908-9 (2026)."
2016,China,HFC-245fa,"Fang et al., 2026",1.2,0.3,"Fang, X. et al. Estimation of hydrofluorocarbon emissions from China and other non-Annex I countries. Nat. Geosci. https://doi.org/10.1038/s41561-025-01908-9 (2026)."
2017,China,HFC-245fa,"Fang et al., 2026",1.3,0.1,"Fang, X. et al. Estimation of hydrofluorocarbon emissions from China and other non-Annex I countries. Nat. Geosci. https://doi.org/10.1038/s41561-025-01908-9 (2026)."
2018,China,HFC-245fa,"Fang et al., 2026",1.9,0.2,"Fang, X. et al. Estimation of hydrofluorocarbon emissions from China and other non-Annex I countries. Nat. Geosci. https://doi.org/10.1038/s41561-025-01908-9 (2026)."
2019,China,HFC-245fa,"Fang et al., 2026",1.6,0.2,"Fang, X. et al. Estimation of hydrofluorocarbon emissions from China and other non-Annex I countries. Nat. Geosci. https://doi.org/10.1038/s41561-025-01908-9 (2026)."
2020,China,HFC-245fa,"Fang et al., 2026",1.9,0.2,"Fang, X. et al. Estimation of hydrofluorocarbon emissions from China and other non-Annex I countries. Nat. Geosci. https://doi.org/10.1038/s41561-025-01908-9 (2026)."
2021,China,HFC-245fa,"Fang et al., 2026",2.3,0.2,"Fang, X. et al. Estimation of hydrofluorocarbon emissions from China and other non-Annex I countries. Nat. Geosci. https://doi.org/10.1038/s41561-025-01908-9 (2026)."
2014,China,HFC-365mfc,"Yao et al., 2019",0.3,0.25,"Yao, B. et al. China's Hydrofluorocarbon Emissions for 2011-2017 Inferred from Atmospheric Measurements. Environ. Sci. Technol. Lett. 6, 479-486 (2019)."
2015,China,HFC-365mfc,"Yao et al., 2019",0.4,0.3,"Yao, B. et al. China's Hydrofluorocarbon Emissions for 2011-2017 Inferred from Atmospheric Measurements. Environ. Sci. Technol. Lett. 6, 479-486 (2019)."
2016,China,HFC-365mfc,"Yao et al., 2019",0.4,0.15,"Yao, B. et al. China's Hydrofluorocarbon Emissions for 2011-2017 Inferred from Atmospheric Measurements. Environ. Sci. Technol. Lett. 6, 479-486 (2019)."
2017,China,HFC-365mfc,"Yao et al., 2019",0.4,0.05,"Yao, B. et al. China's Hydrofluorocarbon Emissions for 2011-2017 Inferred from Atmospheric Measurements. Environ. Sci. Technol. Lett. 6, 479-486 (2019)."
2014,China,HFC-365mfc,"Fang et al., 2026",0.3,0.2,"Fang, X. et al. Estimation of hydrofluorocarbon emissions from China and other non-Annex I countries. Nat. Geosci. https://doi.org/10.1038/s41561-025-01908-9 (2026)."
2015,China,HFC-365mfc,"Fang et al., 2026",0.4,0.3,"Fang, X. et al. Estimation of hydrofluorocarbon emissions from China and other non-Annex I countries. Nat. Geosci. https://doi.org/10.1038/s41561-025-01908-9 (2026)."
2016,China,HFC-365mfc,"Fang et al., 2026",0.4,0.1,"Fang, X. et al. Estimation of hydrofluorocarbon emissions from China and other non-Annex I countries. Nat. Geosci. https://doi.org/10.1038/s41561-025-01908-9 (2026)."
2017,China,HFC-365mfc,"Fang et al., 2026",0.4,0.1,"Fang, X. et al. Estimation of hydrofluorocarbon emissions from China and other non-Annex I countries. Nat. Geosci. https://doi.org/10.1038/s41561-025-01908-9 (2026)."
2018,China,HFC-365mfc,"Fang et al., 2026",0.5,0.1,"Fang, X. et al. Estimation of hydrofluorocarbon emissions from China and other non-Annex I countries. Nat. Geosci. https://doi.org/10.1038/s41561-025-01908-9 (2026)."
2019,China,HFC-365mfc,"Fang et al., 2026",0.3,0.1,"Fang, X. et al. Estimation of hydrofluorocarbon emissions from China and other non-Annex I countries. Nat. Geosci. https://doi.org/10.1038/s41561-025-01908-9 (2026)."
2020,China,HFC-365mfc,"Fang et al., 2026",0.4,0.1,"Fang, X. et al. Estimation of hydrofluorocarbon emissions from China and other non-Annex I countries. Nat. Geosci. https://doi.org/10.1038/s41561-025-01908-9 (2026)."
2021,China,HFC-365mfc,"Fang et al., 2026",0.6,0.1,"Fang, X. et al. Estimation of hydrofluorocarbon emissions from China and other non-Annex I countries. Nat. Geosci. https://doi.org/10.1038/s41561-025-01908-9 (2026)."
2006,China,SF6,"Fang et al., 2014",1.43,0.25,"Fang, X. et al. Sulfur hexafluoride (SF6) emissions in East Asia determined by inverse modeling. Atmos. Chem. Phys. 14, 4779-4791 (2014)."
2007,China,SF6,"Fang et al., 2014",2.17,0.37,"Fang, X. et al. Sulfur hexafluoride (SF6) emissions in East Asia determined by inverse modeling. Atmos. Chem. Phys. 14, 4779-4791 (2014)."
2008,China,SF6,"Fang et al., 2014",2.39,0.41,"Fang, X. et al. Sulfur hexafluoride (SF6) emissions in East Asia determined by inverse modeling. Atmos. Chem. Phys. 14, 4779-4791 (2014)."
2009,China,SF6,"Fang et al., 2014",2.74,0.47,"Fang, X. et al. Sulfur hexafluoride (SF6) emissions in East Asia determined by inverse modeling. Atmos. Chem. Phys. 14, 4779-4791 (2014)."
2010,China,SF6,"Fang et al., 2014",2.55,0.44,"Fang, X. et al. Sulfur hexafluoride (SF6) emissions in East Asia determined by inverse modeling. Atmos. Chem. Phys. 14, 4779-4791 (2014)."
2011,China,SF6,"Fang et al., 2014",2.83,0.49,"Fang, X. et al. Sulfur hexafluoride (SF6) emissions in East Asia determined by inverse modeling. Atmos. Chem. Phys. 14, 4779-4791 (2014)."
2012,China,SF6,"Fang et al., 2014",2.87,0.49,"Fang, X. et al. Sulfur hexafluoride (SF6) emissions in East Asia determined by inverse modeling. Atmos. Chem. Phys. 14, 4779-4791 (2014)."
2023,Eastern China,CH3CCl3,"Jin et al., 2025",0.21,0.04,"Jin, S. et al. Emissions of Ozone-Layer-Depleting Methyl Chloroform (CH3CCl3) in China Inferred from High-Frequency In-Situ Observations. Environ. Sci. Technol. Lett. 12, 1340-1346 (2025)."
2024,Eastern China,CH3CCl3,"Jin et al., 2025",0.21,0.04,"Jin, S. et al. Emissions of Ozone-Layer-Depleting Methyl Chloroform (CH3CCl3) in China Inferred from High-Frequency In-Situ Observations. Environ. Sci. Technol. Lett. 12, 1340-1346 (2025)."
2023,China,CH3CCl3,"Jin et al., 2025",0.3,0.06,"Jin, S. et al. Emissions of Ozone-Layer-Depleting Methyl Chloroform (CH3CCl3) in China Inferred from High-Frequency In-Situ Observations. Environ. Sci. Technol. Lett. 12, 1340-1346 (2025)."
2024,China,CH3CCl3,"Jin et al., 2025",0.3,0.06,"Jin, S. et al. Emissions of Ozone-Layer-Depleting Methyl Chloroform (CH3CCl3) in China Inferred from High-Frequency In-Situ Observations. Environ. Sci. Technol. Lett. 12, 1340-1346 (2025)."
2011,China,CH3Br,"Hu et al., 2024",7.6,1.4,"Hu, X. et al. Unexplained high and persistent methyl bromide emissions in China. Nat. Commun. 15, 8901 (2024)."
2012,China,CH3Br,"Hu et al., 2024",6.2,1.1,"Hu, X. et al. Unexplained high and persistent methyl bromide emissions in China. Nat. Commun. 15, 8901 (2024)."
2013,China,CH3Br,"Hu et al., 2024",10.1,1.5,"Hu, X. et al. Unexplained high and persistent methyl bromide emissions in China. Nat. Commun. 15, 8901 (2024)."
2014,China,CH3Br,"Hu et al., 2024",10.5,1.4,"Hu, X. et al. Unexplained high and persistent methyl bromide emissions in China. Nat. Commun. 15, 8901 (2024)."
2015,China,CH3Br,"Hu et al., 2024",10,1.6,"Hu, X. et al. Unexplained high and persistent methyl bromide emissions in China. Nat. Commun. 15, 8901 (2024)."
2016,China,CH3Br,"Hu et al., 2024",10.3,1.6,"Hu, X. et al. Unexplained high and persistent methyl bromide emissions in China. Nat. Commun. 15, 8901 (2024)."
2017,China,CH3Br,"Hu et al., 2024",9.5,0.9,"Hu, X. et al. Unexplained high and persistent methyl bromide emissions in China. Nat. Commun. 15, 8901 (2024)."
2018,China,CH3Br,"Hu et al., 2024",10.1,1,"Hu, X. et al. Unexplained high and persistent methyl bromide emissions in China. Nat. Commun. 15, 8901 (2024)."
2019,China,CH3Br,"Hu et al., 2024",8.5,0.9,"Hu, X. et al. Unexplained high and persistent methyl bromide emissions in China. Nat. Commun. 15, 8901 (2024)."
2020,China,CH3Br,"Hu et al., 2024",9,0.9,"Hu, X. et al. Unexplained high and persistent methyl bromide emissions in China. Nat. Commun. 15, 8901 (2024)."
2008,Eastern China,CCl4,"Park et al., 2021",5.98,1.25,"Park, S. et al. A decline in emissions of CFC-11 and related chemicals from eastern China. Nature 590, 433-437 (2021)."
2009,Eastern China,CCl4,"Park et al., 2021",6.87,1.26,"Park, S. et al. A decline in emissions of CFC-11 and related chemicals from eastern China. Nature 590, 433-437 (2021)."
2010,Eastern China,CCl4,"Park et al., 2021",10.11,1.32,"Park, S. et al. A decline in emissions of CFC-11 and related chemicals from eastern China. Nature 590, 433-437 (2021)."
2011,Eastern China,CCl4,"Park et al., 2021",5.63,1.4,"Park, S. et al. A decline in emissions of CFC-11 and related chemicals from eastern China. Nature 590, 433-437 (2021)."
2012,Eastern China,CCl4,"Park et al., 2021",6.33,1.42,"Park, S. et al. A decline in emissions of CFC-11 and related chemicals from eastern China. Nature 590, 433-437 (2021)."
2013,Eastern China,CCl4,"Park et al., 2021",9.86,1.4,"Park, S. et al. A decline in emissions of CFC-11 and related chemicals from eastern China. Nature 590, 433-437 (2021)."
2014,Eastern China,CCl4,"Park et al., 2021",11.85,1.5,"Park, S. et al. A decline in emissions of CFC-11 and related chemicals from eastern China. Nature 590, 433-437 (2021)."
2015,Eastern China,CCl4,"Park et al., 2021",11.68,2.16,"Park, S. et al. A decline in emissions of CFC-11 and related chemicals from eastern China. Nature 590, 433-437 (2021)."
2016,Eastern China,CCl4,"Park et al., 2021",11.31,1.88,"Park, S. et al. A decline in emissions of CFC-11 and related chemicals from eastern China. Nature 590, 433-437 (2021)."
2017,Eastern China,CCl4,"Park et al., 2021",8.8,1.73,"Park, S. et al. A decline in emissions of CFC-11 and related chemicals from eastern China. Nature 590, 433-437 (2021)."
2018,Eastern China,CCl4,"Park et al., 2021",6.05,1.54,"Park, S. et al. A decline in emissions of CFC-11 and related chemicals from eastern China. Nature 590, 433-437 (2021)."
2019,Eastern China,CCl4,"Park et al., 2021",6.31,1.05,"Park, S. et al. A decline in emissions of CFC-11 and related chemicals from eastern China. Nature 590, 433-437 (2021)."
